CENTRELINE_ID,count-2011,fines-2011,count-2012,fines-2012,count-2013,fines-2013,count-2014,fines-2014,count-2015,fines-2015,count-2016,fines-2016,count-2017,fines-2017,count_all,fines_all
-2,30.0,1200.0,28.0,1120.0,27.0,1080.0,16.0,640.0,20.0,800.0,9.0,360.0,42.0,1680.0,172.0,6880.0
-1,5.0,200.0,2.0,80.0,10.0,400.0,11.0,440.0,6.0,240.0,16.0,640.0,18.0,720.0,68.0,2720.0
0,880.0,35200.0,687.0,27480.0,510.0,20400.0,483.0,19200.0,351.0,13640.0,189.0,7560.0,406.0,16200.0,3506.0,139680.0
1579,1.0,40.0,0.0,0.0,0.0,0.0,0.0,0.0,0.0,0.0,0.0,0.0,0.0,0.0,1.0,40.0
437941,1.0,40.0,0.0,0.0,0.0,0.0,0.0,0.0,0.0,0.0,0.0,0.0,0.0,0.0,1.0,40.0
1138526,1.0,40.0,0.0,0.0,0.0,0.0,0.0,0.0,0.0,0.0,0.0,0.0,0.0,0.0,1.0,40.0
1139432,3.0,120.0,0.0,0.0,0.0,0.0,0.0,0.0,0.0,0.0,0.0,0.0,0.0,0.0,3.0,120.0
1140326,115.0,4600.0,137.0,5480.0,0.0,0.0,0.0,0.0,0.0,0.0,0.0,0.0,0.0,0.0,252.0,10080.0
1140441,37.0,1480.0,78.0,3120.0,118.0,4720.0,50.0,2000.0,163.0,6520.0,307.0,12280.0,263.0,10520.0,1016.0,40640.0
1141414,1.0,40.0,0.0,0.0,0.0,0.0,0.0,0.0,5.0,200.0,0.0,0.0,2.0,80.0,8.0,320.0
1142361,2.0,80.0,4.0,160.0,1.0,40.0,1.0,40.0,1.0,40.0,0.0,0.0,2.0,80.0,11.0,440.0
1142483,2.0,80.0,0.0,0.0,0.0,0.0,0.0,0.0,0.0,0.0,0.0,0.0,0.0,0.0,2.0,80.0
1142940,2.0,80.0,0.0,0.0,0.0,0.0,0.0,0.0,0.0,0.0,1.0,40.0,0.0,0.0,3.0,120.0
1144384,2.0,80.0,0.0,0.0,1.0,40.0,1.0,40.0,0.0,0.0,0.0,0.0,0.0,0.0,4.0,160.0
1144602,145.0,5800.0,153.0,6120.0,259.0,10360.0,139.0,5560.0,44.0,1760.0,57.0,2280.0,69.0,2760.0,866.0,34640.0
1144604,12.0,480.0,25.0,1000.0,49.0,1960.0,126.0,5040.0,126.0,5040.0,198.0,7920.0,75.0,3000.0,611.0,24440.0
1144656,10.0,400.0,11.0,440.0,13.0,520.0,15.0,600.0,10.0,400.0,17.0,680.0,12.0,480.0,88.0,3520.0
1144663,2.0,80.0,8.0,320.0,8.0,320.0,4.0,160.0,1.0,40.0,5.0,200.0,19.0,760.0,47.0,1880.0
1144726,2.0,80.0,1.0,40.0,0.0,0.0,0.0,0.0,2.0,80.0,2.0,80.0,0.0,0.0,7.0,280.0
1145064,2.0,80.0,3.0,120.0,0.0,0.0,0.0,0.0,0.0,0.0,0.0,0.0,0.0,0.0,5.0,200.0
1145520,8.0,320.0,6.0,240.0,11.0,440.0,4.0,160.0,8.0,320.0,3.0,120.0,7.0,280.0,47.0,1880.0
1145630,1.0,40.0,0.0,0.0,0.0,0.0,1.0,40.0,1.0,40.0,2.0,80.0,1.0,40.0,6.0,240.0
1145790,2.0,80.0,1.0,40.0,0.0,0.0,1.0,40.0,0.0,0.0,0.0,0.0,0.0,0.0,4.0,160.0
1145801,16.0,640.0,31.0,1240.0,20.0,800.0,14.0,560.0,27.0,1080.0,81.0,3240.0,64.0,2560.0,253.0,10120.0
1146332,1.0,40.0,0.0,0.0,0.0,0.0,1.0,40.0,1.0,40.0,0.0,0.0,0.0,0.0,3.0,120.0
1146514,2.0,80.0,0.0,0.0,0.0,0.0,0.0,0.0,1.0,40.0,0.0,0.0,0.0,0.0,3.0,120.0
2376245,1.0,40.0,4.0,160.0,5.0,200.0,3.0,120.0,7.0,280.0,10.0,400.0,14.0,560.0,44.0,1760.0
2967262,1.0,40.0,0.0,0.0,0.0,0.0,0.0,0.0,0.0,0.0,0.0,0.0,0.0,0.0,1.0,40.0
3065748,1.0,40.0,1.0,40.0,0.0,0.0,0.0,0.0,0.0,0.0,0.0,0.0,0.0,0.0,2.0,80.0
3633129,2.0,80.0,0.0,0.0,0.0,0.0,1.0,40.0,0.0,0.0,0.0,0.0,0.0,0.0,3.0,120.0
4845560,3.0,120.0,1.0,40.0,3.0,120.0,1.0,40.0,5.0,200.0,0.0,0.0,0.0,0.0,13.0,520.0
5527645,12.0,480.0,37.0,1480.0,50.0,2000.0,26.0,1040.0,22.0,880.0,60.0,2400.0,73.0,2920.0,280.0,11200.0
6208975,19.0,760.0,33.0,1320.0,26.0,1040.0,93.0,3720.0,108.0,4320.0,88.0,3520.0,76.0,3040.0,443.0,17720.0
6624518,2.0,80.0,0.0,0.0,0.0,0.0,1.0,40.0,0.0,0.0,0.0,0.0,0.0,0.0,3.0,120.0
6924944,3.0,120.0,0.0,0.0,0.0,0.0,0.0,0.0,0.0,0.0,0.0,0.0,0.0,0.0,3.0,120.0
7262893,1.0,40.0,2.0,80.0,2.0,80.0,1.0,40.0,1.0,40.0,0.0,0.0,0.0,0.0,7.0,280.0
7273833,9.0,360.0,5.0,200.0,16.0,640.0,0.0,0.0,0.0,0.0,0.0,0.0,2.0,80.0,32.0,1280.0
7570434,22.0,880.0,17.0,680.0,65.0,2600.0,9.0,360.0,19.0,760.0,13.0,520.0,5.0,200.0,150.0,6000.0
7641747,4.0,160.0,0.0,0.0,1.0,40.0,1.0,40.0,1.0,40.0,1.0,40.0,2.0,80.0,10.0,400.0
7641766,11.0,440.0,52.0,2080.0,83.0,3320.0,84.0,3360.0,47.0,1880.0,98.0,3920.0,89.0,3560.0,464.0,18560.0
7641770,1.0,40.0,4.0,160.0,17.0,680.0,361.0,14440.0,265.0,10600.0,351.0,14040.0,415.0,16600.0,1414.0,56560.0
7642502,121.0,4840.0,145.0,5800.0,114.0,4560.0,104.0,4160.0,165.0,6600.0,1.0,40.0,0.0,0.0,650.0,26000.0
7731405,3.0,120.0,1.0,40.0,3.0,120.0,3.0,120.0,2.0,80.0,4.0,160.0,0.0,0.0,16.0,640.0
7754192,11.0,440.0,15.0,600.0,19.0,760.0,23.0,920.0,11.0,440.0,18.0,720.0,13.0,520.0,110.0,4400.0
7762735,89.0,3560.0,91.0,3640.0,113.0,4520.0,131.0,5240.0,117.0,4680.0,138.0,5520.0,106.0,4200.0,785.0,31360.0
7792167,1.0,40.0,19.0,760.0,15.0,600.0,4.0,160.0,17.0,680.0,3.0,120.0,0.0,0.0,59.0,2360.0
7796189,1.0,40.0,2.0,80.0,5.0,200.0,8.0,320.0,1.0,40.0,2.0,80.0,2.0,80.0,21.0,840.0
7929622,34.0,1360.0,51.0,2040.0,43.0,1720.0,43.0,1720.0,37.0,1480.0,49.0,1960.0,28.0,1120.0,285.0,11400.0
7929725,1.0,40.0,0.0,0.0,0.0,0.0,0.0,0.0,0.0,0.0,0.0,0.0,0.0,0.0,1.0,40.0
7930789,1.0,40.0,0.0,0.0,0.0,0.0,0.0,0.0,1.0,40.0,0.0,0.0,1.0,40.0,3.0,120.0
7930910,1.0,40.0,0.0,0.0,1.0,40.0,0.0,0.0,0.0,0.0,0.0,0.0,0.0,0.0,2.0,80.0
7974709,654.0,26160.0,758.0,30320.0,493.0,19720.0,555.0,22200.0,463.0,18520.0,244.0,9760.0,339.0,13560.0,3506.0,140240.0
7974927,1181.0,47240.0,1136.0,45440.0,1243.0,49720.0,1062.0,42480.0,625.0,25000.0,705.0,28200.0,792.0,31680.0,6744.0,269760.0
7978533,14.0,560.0,7.0,280.0,5.0,200.0,3.0,120.0,1.0,40.0,4.0,160.0,1.0,40.0,35.0,1400.0
7978535,3.0,120.0,10.0,400.0,14.0,560.0,3.0,120.0,7.0,280.0,2.0,80.0,1.0,40.0,40.0,1600.0
7979580,1.0,40.0,0.0,0.0,0.0,0.0,0.0,0.0,0.0,0.0,0.0,0.0,0.0,0.0,1.0,40.0
8202883,2.0,80.0,0.0,0.0,0.0,0.0,0.0,0.0,0.0,0.0,3.0,120.0,0.0,0.0,5.0,200.0
8344825,29.0,1160.0,9.0,360.0,5.0,200.0,17.0,680.0,15.0,600.0,0.0,0.0,0.0,0.0,75.0,3000.0
8351165,3.0,120.0,0.0,0.0,164.0,6560.0,6.0,240.0,2.0,80.0,5.0,200.0,1.0,40.0,181.0,7240.0
8351611,3.0,120.0,0.0,0.0,3.0,120.0,0.0,0.0,3.0,120.0,1.0,40.0,0.0,0.0,10.0,400.0
8353507,233.0,9320.0,290.0,11600.0,288.0,11520.0,117.0,4680.0,188.0,7520.0,238.0,9520.0,323.0,12920.0,1677.0,67080.0
8353517,1.0,40.0,1.0,40.0,0.0,0.0,1.0,40.0,0.0,0.0,1.0,40.0,0.0,0.0,4.0,160.0
8408346,1.0,40.0,0.0,0.0,0.0,0.0,0.0,0.0,1.0,40.0,1.0,40.0,0.0,0.0,3.0,120.0
8408535,187.0,7480.0,252.0,10080.0,262.0,10480.0,230.0,9160.0,175.0,7000.0,267.0,10680.0,263.0,10520.0,1636.0,65400.0
8408552,16.0,640.0,8.0,320.0,12.0,480.0,3.0,120.0,0.0,0.0,2.0,80.0,4.0,160.0,45.0,1800.0
8418041,2.0,80.0,1.0,40.0,2.0,80.0,2.0,80.0,4.0,160.0,11.0,440.0,28.0,1120.0,50.0,2000.0
8677426,1.0,40.0,2.0,80.0,0.0,0.0,0.0,0.0,0.0,0.0,0.0,0.0,0.0,0.0,3.0,120.0
8677482,17.0,680.0,139.0,5560.0,222.0,8880.0,175.0,7000.0,72.0,2880.0,122.0,4880.0,30.0,1200.0,777.0,31080.0
9909732,29.0,1160.0,0.0,0.0,1.0,40.0,0.0,0.0,5.0,200.0,0.0,0.0,0.0,0.0,35.0,1400.0
9909746,70.0,2800.0,52.0,2080.0,64.0,2560.0,49.0,1960.0,41.0,1640.0,26.0,1040.0,0.0,0.0,302.0,12080.0
9909777,19.0,760.0,23.0,920.0,26.0,1040.0,17.0,680.0,9.0,360.0,9.0,360.0,9.0,360.0,112.0,4480.0
9950494,2.0,80.0,0.0,0.0,6.0,240.0,9.0,360.0,11.0,440.0,13.0,520.0,37.0,1480.0,78.0,3120.0
10011044,7.0,280.0,1.0,40.0,26.0,1040.0,27.0,1080.0,80.0,3200.0,168.0,6720.0,130.0,5200.0,439.0,17560.0
10222696,1.0,40.0,0.0,0.0,0.0,0.0,0.0,0.0,0.0,0.0,0.0,0.0,0.0,0.0,1.0,40.0
10223459,2.0,80.0,0.0,0.0,0.0,0.0,0.0,0.0,0.0,0.0,0.0,0.0,3.0,120.0,5.0,200.0
10258196,1.0,40.0,1.0,40.0,2.0,80.0,0.0,0.0,0.0,0.0,1.0,40.0,1.0,40.0,6.0,240.0
10486878,1.0,40.0,0.0,0.0,0.0,0.0,0.0,0.0,0.0,0.0,0.0,0.0,0.0,0.0,1.0,40.0
10486925,222.0,8880.0,275.0,11000.0,322.0,12880.0,240.0,9600.0,179.0,7160.0,246.0,9840.0,271.0,10840.0,1755.0,70200.0
10906331,142.0,5680.0,150.0,6000.0,88.0,3520.0,117.0,4680.0,168.0,6720.0,100.0,4000.0,112.0,4480.0,877.0,35080.0
10948010,17.0,680.0,6.0,240.0,5.0,200.0,6.0,240.0,20.0,800.0,19.0,760.0,17.0,680.0,90.0,3600.0
11048060,1.0,40.0,0.0,0.0,0.0,0.0,0.0,0.0,0.0,0.0,0.0,0.0,0.0,0.0,1.0,40.0
11063413,820.0,32800.0,1119.0,44760.0,480.0,19200.0,485.0,19400.0,435.0,17400.0,508.0,20320.0,242.0,9680.0,4089.0,163560.0
11070314,213.0,8520.0,323.0,12920.0,278.0,11120.0,206.0,8240.0,189.0,7560.0,178.0,7120.0,179.0,7160.0,1566.0,62640.0
11075884,1.0,40.0,1.0,40.0,0.0,0.0,4.0,160.0,4.0,160.0,0.0,0.0,0.0,0.0,10.0,400.0
12631071,1.0,40.0,0.0,0.0,0.0,0.0,0.0,0.0,0.0,0.0,0.0,0.0,0.0,0.0,1.0,40.0
12631085,17.0,680.0,5.0,200.0,8.0,320.0,10.0,400.0,2.0,80.0,5.0,200.0,6.0,240.0,53.0,2120.0
13969471,3.0,120.0,1.0,40.0,3.0,120.0,2.0,80.0,0.0,0.0,4.0,160.0,2.0,80.0,15.0,600.0
13969944,4.0,160.0,3.0,120.0,2.0,80.0,1.0,40.0,6.0,240.0,15.0,600.0,3.0,120.0,34.0,1360.0
14014184,1191.0,47640.0,640.0,25600.0,594.0,23760.0,952.0,38080.0,828.0,33120.0,713.0,28520.0,880.0,35200.0,5798.0,231920.0
14014191,6.0,240.0,3.0,120.0,2.0,80.0,4.0,160.0,12.0,480.0,24.0,960.0,19.0,760.0,70.0,2800.0
14014192,8.0,320.0,2.0,80.0,1.0,40.0,0.0,0.0,2.0,80.0,1.0,40.0,1.0,40.0,15.0,600.0
14014448,1.0,40.0,0.0,0.0,0.0,0.0,0.0,0.0,0.0,0.0,0.0,0.0,0.0,0.0,1.0,40.0
14014449,2.0,80.0,3.0,120.0,6.0,240.0,7.0,280.0,20.0,800.0,16.0,640.0,6.0,240.0,60.0,2400.0
14014515,33.0,1320.0,32.0,1280.0,18.0,720.0,9.0,360.0,4.0,160.0,29.0,1160.0,8.0,320.0,133.0,5320.0
14014516,6.0,240.0,1.0,40.0,7.0,280.0,10.0,400.0,4.0,160.0,12.0,480.0,9.0,360.0,49.0,1960.0
14014562,1.0,40.0,0.0,0.0,0.0,0.0,0.0,0.0,0.0,0.0,0.0,0.0,0.0,0.0,1.0,40.0
14020371,2.0,80.0,2.0,80.0,1.0,40.0,1.0,40.0,0.0,0.0,0.0,0.0,1.0,40.0,7.0,280.0
14020372,470.0,18800.0,682.0,27280.0,435.0,17400.0,325.0,13000.0,115.0,4600.0,99.0,3960.0,145.0,5800.0,2271.0,90840.0
14022792,28.0,1120.0,43.0,1720.0,35.0,1400.0,95.0,3800.0,84.0,3360.0,155.0,6200.0,422.0,16880.0,862.0,34480.0
14023147,83.0,3320.0,118.0,4720.0,120.0,4800.0,24.0,960.0,27.0,1080.0,23.0,920.0,17.0,680.0,412.0,16480.0
14023254,2.0,80.0,2.0,80.0,0.0,0.0,0.0,0.0,2.0,80.0,0.0,0.0,0.0,0.0,6.0,240.0
14023306,8.0,320.0,4.0,160.0,5.0,200.0,1.0,40.0,2.0,80.0,12.0,480.0,5.0,200.0,37.0,1480.0
14023522,38.0,1520.0,37.0,1480.0,30.0,1200.0,54.0,2160.0,8.0,320.0,11.0,440.0,17.0,680.0,195.0,7800.0
14023542,45.0,1800.0,37.0,1480.0,73.0,2920.0,133.0,5320.0,47.0,1880.0,66.0,2640.0,59.0,2360.0,460.0,18400.0
14025107,43.0,1720.0,40.0,1600.0,5.0,200.0,2.0,80.0,2.0,80.0,71.0,2840.0,100.0,4000.0,263.0,10520.0
14025108,212.0,8480.0,197.0,7880.0,0.0,0.0,0.0,0.0,0.0,0.0,18.0,720.0,17.0,680.0,444.0,17760.0
14025260,52.0,2080.0,0.0,0.0,0.0,0.0,0.0,0.0,0.0,0.0,0.0,0.0,0.0,0.0,52.0,2080.0
14025261,82.0,3280.0,0.0,0.0,0.0,0.0,0.0,0.0,0.0,0.0,0.0,0.0,0.0,0.0,82.0,3280.0
14036065,1.0,40.0,0.0,0.0,0.0,0.0,0.0,0.0,0.0,0.0,0.0,0.0,0.0,0.0,1.0,40.0
14036742,41.0,1640.0,58.0,2320.0,31.0,1240.0,8.0,320.0,4.0,160.0,9.0,360.0,0.0,0.0,151.0,6040.0
14036743,6.0,240.0,9.0,360.0,16.0,640.0,0.0,0.0,7.0,280.0,4.0,160.0,21.0,840.0,63.0,2520.0
14036853,7.0,280.0,0.0,0.0,0.0,0.0,0.0,0.0,0.0,0.0,1.0,40.0,0.0,0.0,8.0,320.0
14037689,29.0,1160.0,14.0,560.0,22.0,880.0,24.0,960.0,13.0,520.0,7.0,280.0,1.0,40.0,110.0,4400.0
14047627,2.0,80.0,0.0,0.0,0.0,0.0,0.0,0.0,0.0,0.0,0.0,0.0,0.0,0.0,2.0,80.0
14121636,11.0,440.0,0.0,0.0,1.0,40.0,0.0,0.0,0.0,0.0,0.0,0.0,0.0,0.0,12.0,480.0
14121645,373.0,14920.0,455.0,18200.0,330.0,13200.0,206.0,8240.0,154.0,6160.0,535.0,21400.0,545.0,21800.0,2598.0,103920.0
14122828,1.0,40.0,0.0,0.0,0.0,0.0,0.0,0.0,0.0,0.0,0.0,0.0,0.0,0.0,1.0,40.0
14122829,11.0,440.0,26.0,1040.0,25.0,1000.0,22.0,880.0,39.0,1560.0,10.0,400.0,18.0,720.0,151.0,6040.0
14254935,8.0,320.0,18.0,720.0,13.0,520.0,6.0,240.0,7.0,280.0,18.0,720.0,37.0,1480.0,107.0,4280.0
14661293,224.0,8960.0,222.0,8880.0,164.0,6560.0,52.0,2080.0,77.0,3080.0,196.0,7840.0,396.0,15840.0,1331.0,53240.0
14673277,1.0,40.0,0.0,0.0,0.0,0.0,0.0,0.0,0.0,0.0,0.0,0.0,0.0,0.0,1.0,40.0
14673366,15.0,600.0,6.0,240.0,0.0,0.0,1.0,40.0,1.0,40.0,1.0,40.0,0.0,0.0,24.0,960.0
14673743,38.0,1520.0,53.0,2120.0,44.0,1760.0,19.0,760.0,15.0,600.0,13.0,520.0,10.0,400.0,192.0,7680.0
14673808,23.0,920.0,27.0,1080.0,24.0,960.0,10.0,400.0,27.0,1080.0,24.0,960.0,41.0,1640.0,176.0,7040.0
14677244,2.0,80.0,0.0,0.0,0.0,0.0,0.0,0.0,2.0,80.0,1.0,40.0,0.0,0.0,5.0,200.0
20006103,1.0,40.0,0.0,0.0,2.0,80.0,0.0,0.0,0.0,0.0,0.0,0.0,0.0,0.0,3.0,120.0
20033024,1.0,40.0,0.0,0.0,0.0,0.0,7.0,280.0,2.0,80.0,11.0,440.0,24.0,960.0,45.0,1800.0
20034718,43.0,1720.0,37.0,1480.0,28.0,1120.0,61.0,2440.0,32.0,1280.0,33.0,1320.0,41.0,1640.0,275.0,11000.0
20034901,4.0,160.0,5.0,200.0,5.0,200.0,3.0,120.0,1.0,40.0,0.0,0.0,1.0,40.0,19.0,760.0
20034905,263.0,10520.0,158.0,6320.0,222.0,8880.0,153.0,6120.0,71.0,2840.0,206.0,8240.0,541.0,21640.0,1614.0,64560.0
20043911,1.0,40.0,1.0,40.0,0.0,0.0,0.0,0.0,0.0,0.0,0.0,0.0,0.0,0.0,2.0,80.0
20079113,1.0,40.0,0.0,0.0,0.0,0.0,0.0,0.0,0.0,0.0,0.0,0.0,0.0,0.0,1.0,40.0
20098086,2.0,80.0,4.0,160.0,0.0,0.0,0.0,0.0,0.0,0.0,0.0,0.0,0.0,0.0,6.0,240.0
20120127,1.0,40.0,0.0,0.0,0.0,0.0,0.0,0.0,0.0,0.0,0.0,0.0,0.0,0.0,1.0,40.0
20231707,77.0,3080.0,99.0,3960.0,64.0,2560.0,36.0,1440.0,62.0,2480.0,79.0,3160.0,75.0,3000.0,492.0,19680.0
20360582,1.0,40.0,1.0,40.0,0.0,0.0,1.0,40.0,0.0,0.0,0.0,0.0,2.0,80.0,5.0,200.0
30009802,2203.0,88120.0,2493.0,99720.0,2039.0,81560.0,2486.0,99440.0,1203.0,48120.0,2121.0,84840.0,2446.0,97800.0,14991.0,599600.0
30012690,2.0,80.0,11.0,440.0,12.0,480.0,5.0,200.0,10.0,400.0,48.0,1920.0,40.0,1600.0,128.0,5120.0
30017297,172.0,6880.0,222.0,8880.0,284.0,11360.0,328.0,13120.0,325.0,13000.0,239.0,9560.0,264.0,10560.0,1834.0,73360.0
30038676,534.0,21360.0,504.0,20160.0,1.0,40.0,0.0,0.0,1.0,40.0,39.0,1560.0,2346.0,93840.0,3425.0,137000.0
30038680,1.0,40.0,1.0,40.0,0.0,0.0,0.0,0.0,0.0,0.0,0.0,0.0,2.0,80.0,4.0,160.0
30059743,3.0,120.0,1.0,40.0,2.0,80.0,0.0,0.0,1.0,40.0,1.0,40.0,0.0,0.0,8.0,320.0
30059744,199.0,7960.0,160.0,6400.0,139.0,5560.0,59.0,2360.0,147.0,5880.0,63.0,2520.0,0.0,0.0,767.0,30680.0
30063379,7.0,280.0,1.0,40.0,1.0,40.0,17.0,680.0,10.0,400.0,12.0,480.0,13.0,520.0,61.0,2440.0
30072385,4.0,160.0,8.0,320.0,2.0,80.0,8.0,320.0,2.0,80.0,8.0,320.0,1.0,40.0,33.0,1320.0
30073975,4.0,160.0,2.0,80.0,0.0,0.0,0.0,0.0,0.0,0.0,0.0,0.0,0.0,0.0,6.0,240.0
30073983,6.0,240.0,2.0,80.0,4.0,160.0,22.0,880.0,3.0,120.0,32.0,1280.0,48.0,1920.0,117.0,4680.0
30073991,3.0,120.0,2.0,80.0,0.0,0.0,10.0,400.0,10.0,400.0,0.0,0.0,0.0,0.0,25.0,1000.0
30073995,6.0,240.0,14.0,560.0,9.0,360.0,46.0,1840.0,43.0,1720.0,26.0,1040.0,16.0,640.0,160.0,6400.0
30074461,1939.0,77560.0,2370.0,94800.0,2255.0,90200.0,2216.0,88640.0,1769.0,70760.0,2081.0,83240.0,2407.0,96280.0,15037.0,601480.0
30074578,5.0,200.0,3.0,120.0,4.0,160.0,1.0,40.0,0.0,0.0,0.0,0.0,1.0,40.0,14.0,560.0
30074597,1.0,40.0,0.0,0.0,0.0,0.0,0.0,0.0,0.0,0.0,0.0,0.0,0.0,0.0,1.0,40.0
30103865,1.0,40.0,1.0,40.0,0.0,0.0,0.0,0.0,4.0,160.0,11.0,440.0,9.0,360.0,26.0,1040.0
30103866,1.0,40.0,0.0,0.0,0.0,0.0,0.0,0.0,2.0,80.0,32.0,1280.0,5.0,200.0,40.0,1600.0
30108839,1.0,40.0,0.0,0.0,0.0,0.0,0.0,0.0,0.0,0.0,0.0,0.0,0.0,0.0,1.0,40.0
30111093,150.0,6000.0,26.0,1040.0,12.0,480.0,5.0,200.0,6.0,240.0,0.0,0.0,5.0,200.0,204.0,8160.0
30111094,4.0,160.0,0.0,0.0,0.0,0.0,0.0,0.0,1.0,40.0,0.0,0.0,0.0,0.0,5.0,200.0
30113559,99.0,3960.0,0.0,0.0,0.0,0.0,0.0,0.0,11.0,440.0,231.0,9240.0,167.0,6680.0,508.0,20320.0
30121235,339.0,13560.0,183.0,7320.0,183.0,7320.0,82.0,3280.0,74.0,2960.0,51.0,2040.0,20.0,800.0,932.0,37280.0
30121236,886.0,35440.0,731.0,29240.0,583.0,23320.0,617.0,24680.0,537.0,21480.0,575.0,23000.0,794.0,31760.0,4723.0,188920.0
30121950,2.0,80.0,0.0,0.0,0.0,0.0,0.0,0.0,0.0,0.0,0.0,0.0,0.0,0.0,2.0,80.0
30126050,8.0,320.0,5.0,200.0,2.0,80.0,14.0,560.0,6.0,240.0,59.0,2360.0,70.0,2800.0,164.0,6560.0
30126343,8.0,320.0,5.0,200.0,4.0,160.0,3.0,120.0,2.0,80.0,4.0,160.0,8.0,320.0,34.0,1360.0
107739,0.0,0.0,2.0,80.0,0.0,0.0,0.0,0.0,0.0,0.0,0.0,0.0,1.0,0.0,3.0,80.0
107849,0.0,0.0,7.0,280.0,0.0,0.0,0.0,0.0,2.0,80.0,0.0,0.0,0.0,0.0,9.0,360.0
444622,0.0,0.0,2.0,80.0,0.0,0.0,0.0,0.0,0.0,0.0,0.0,0.0,0.0,0.0,2.0,80.0
1137622,0.0,0.0,1.0,40.0,0.0,0.0,0.0,0.0,0.0,0.0,0.0,0.0,0.0,0.0,1.0,40.0
1140215,0.0,0.0,1.0,40.0,0.0,0.0,0.0,0.0,0.0,0.0,0.0,0.0,0.0,0.0,1.0,40.0
1142386,0.0,0.0,1.0,40.0,0.0,0.0,0.0,0.0,0.0,0.0,0.0,0.0,0.0,0.0,1.0,40.0
1142564,0.0,0.0,1.0,40.0,0.0,0.0,0.0,0.0,0.0,0.0,0.0,0.0,3.0,120.0,4.0,160.0
1142671,0.0,0.0,2.0,80.0,0.0,0.0,0.0,0.0,0.0,0.0,0.0,0.0,0.0,0.0,2.0,80.0
1144120,0.0,0.0,2.0,80.0,0.0,0.0,0.0,0.0,0.0,0.0,0.0,0.0,0.0,0.0,2.0,80.0
1144851,0.0,0.0,1.0,40.0,0.0,0.0,0.0,0.0,0.0,0.0,0.0,0.0,1.0,40.0,2.0,80.0
1145132,0.0,0.0,1.0,40.0,0.0,0.0,0.0,0.0,0.0,0.0,0.0,0.0,0.0,0.0,1.0,40.0
1146204,0.0,0.0,1.0,40.0,0.0,0.0,0.0,0.0,0.0,0.0,0.0,0.0,0.0,0.0,1.0,40.0
1146767,0.0,0.0,1.0,40.0,0.0,0.0,0.0,0.0,0.0,0.0,0.0,0.0,0.0,0.0,1.0,40.0
6853480,0.0,0.0,104.0,4160.0,125.0,5000.0,234.0,9360.0,475.0,19000.0,321.0,12840.0,637.0,25480.0,1896.0,75840.0
7569233,0.0,0.0,10.0,400.0,0.0,0.0,1.0,40.0,0.0,0.0,0.0,0.0,0.0,0.0,11.0,440.0
7569286,0.0,0.0,1.0,40.0,0.0,0.0,0.0,0.0,0.0,0.0,1.0,40.0,0.0,0.0,2.0,80.0
7792644,0.0,0.0,1.0,40.0,0.0,0.0,0.0,0.0,0.0,0.0,0.0,0.0,0.0,0.0,1.0,40.0
7807851,0.0,0.0,1.0,40.0,0.0,0.0,0.0,0.0,0.0,0.0,0.0,0.0,0.0,0.0,1.0,40.0
7929394,0.0,0.0,2.0,80.0,0.0,0.0,3.0,120.0,0.0,0.0,0.0,0.0,16.0,640.0,21.0,840.0
7929516,0.0,0.0,1.0,40.0,0.0,0.0,0.0,0.0,0.0,0.0,0.0,0.0,1.0,40.0,2.0,80.0
7939796,0.0,0.0,1.0,40.0,0.0,0.0,0.0,0.0,0.0,0.0,0.0,0.0,0.0,0.0,1.0,40.0
7975169,0.0,0.0,1.0,40.0,0.0,0.0,0.0,0.0,0.0,0.0,0.0,0.0,0.0,0.0,1.0,40.0
8313344,0.0,0.0,1.0,40.0,1.0,40.0,36.0,1440.0,2.0,80.0,2.0,80.0,0.0,0.0,42.0,1680.0
8344810,0.0,0.0,1.0,40.0,0.0,0.0,0.0,0.0,0.0,0.0,1.0,40.0,0.0,0.0,2.0,80.0
8351467,0.0,0.0,6.0,240.0,0.0,0.0,0.0,0.0,0.0,0.0,0.0,0.0,0.0,0.0,6.0,240.0
8408494,0.0,0.0,2.0,80.0,1.0,40.0,7.0,280.0,9.0,360.0,17.0,680.0,14.0,560.0,50.0,2000.0
8680111,0.0,0.0,1.0,40.0,0.0,0.0,0.0,0.0,0.0,0.0,0.0,0.0,0.0,0.0,1.0,40.0
9941998,0.0,0.0,1.0,40.0,0.0,0.0,0.0,0.0,0.0,0.0,0.0,0.0,0.0,0.0,1.0,40.0
10034966,0.0,0.0,1.0,40.0,0.0,0.0,0.0,0.0,0.0,0.0,0.0,0.0,0.0,0.0,1.0,40.0
10222712,0.0,0.0,7.0,280.0,0.0,0.0,0.0,0.0,0.0,0.0,0.0,0.0,0.0,0.0,7.0,280.0
10486607,0.0,0.0,1.0,40.0,0.0,0.0,0.0,0.0,0.0,0.0,0.0,0.0,0.0,0.0,1.0,40.0
10486921,0.0,0.0,2.0,80.0,1.0,40.0,1.0,40.0,1.0,40.0,2.0,80.0,3.0,120.0,10.0,400.0
10759266,0.0,0.0,1.0,40.0,1.0,40.0,0.0,0.0,0.0,0.0,0.0,0.0,0.0,0.0,2.0,80.0
10947999,0.0,0.0,2.0,80.0,1.0,40.0,0.0,0.0,1.0,40.0,1.0,40.0,0.0,0.0,5.0,200.0
11046558,0.0,0.0,1.0,40.0,0.0,0.0,0.0,0.0,0.0,0.0,0.0,0.0,0.0,0.0,1.0,40.0
11063410,0.0,0.0,1.0,40.0,0.0,0.0,0.0,0.0,2.0,80.0,0.0,0.0,2.0,80.0,5.0,200.0
11585489,0.0,0.0,1.0,40.0,0.0,0.0,0.0,0.0,0.0,0.0,0.0,0.0,0.0,0.0,1.0,40.0
13323643,0.0,0.0,1.0,40.0,1.0,40.0,0.0,0.0,0.0,0.0,0.0,0.0,0.0,0.0,2.0,80.0
14013237,0.0,0.0,2.0,80.0,0.0,0.0,0.0,0.0,0.0,0.0,0.0,0.0,0.0,0.0,2.0,80.0
14014203,0.0,0.0,3.0,120.0,0.0,0.0,2.0,80.0,0.0,0.0,1.0,40.0,5.0,200.0,11.0,440.0
14020385,0.0,0.0,1.0,40.0,0.0,0.0,0.0,0.0,0.0,0.0,0.0,0.0,0.0,0.0,1.0,40.0
14023204,0.0,0.0,1.0,40.0,0.0,0.0,0.0,0.0,0.0,0.0,0.0,0.0,0.0,0.0,1.0,40.0
14023358,0.0,0.0,2.0,80.0,19.0,760.0,12.0,480.0,6.0,240.0,5.0,200.0,0.0,0.0,44.0,1760.0
14023731,0.0,0.0,1.0,40.0,0.0,0.0,0.0,0.0,0.0,0.0,0.0,0.0,0.0,0.0,1.0,40.0
14025244,0.0,0.0,1.0,40.0,0.0,0.0,0.0,0.0,0.0,0.0,0.0,0.0,0.0,0.0,1.0,40.0
14025245,0.0,0.0,2.0,80.0,0.0,0.0,0.0,0.0,0.0,0.0,0.0,0.0,0.0,0.0,2.0,80.0
14025290,0.0,0.0,1.0,40.0,0.0,0.0,0.0,0.0,0.0,0.0,0.0,0.0,0.0,0.0,1.0,40.0
14025481,0.0,0.0,1.0,40.0,0.0,0.0,0.0,0.0,0.0,0.0,0.0,0.0,0.0,0.0,1.0,40.0
14036450,0.0,0.0,1.0,40.0,1.0,40.0,5.0,200.0,6.0,240.0,2.0,80.0,11.0,440.0,26.0,1040.0
14036467,0.0,0.0,1.0,40.0,0.0,0.0,0.0,0.0,0.0,0.0,0.0,0.0,0.0,0.0,1.0,40.0
14036811,0.0,0.0,3.0,120.0,0.0,0.0,0.0,0.0,0.0,0.0,0.0,0.0,0.0,0.0,3.0,120.0
14036961,0.0,0.0,12.0,480.0,5.0,200.0,4.0,160.0,1.0,40.0,1.0,40.0,1.0,40.0,24.0,960.0
14041505,0.0,0.0,2.0,80.0,0.0,0.0,0.0,0.0,0.0,0.0,3.0,120.0,1.0,40.0,6.0,240.0
14041623,0.0,0.0,26.0,1040.0,0.0,0.0,0.0,0.0,0.0,0.0,0.0,0.0,0.0,0.0,26.0,1040.0
14050637,0.0,0.0,1.0,40.0,0.0,0.0,0.0,0.0,0.0,0.0,0.0,0.0,0.0,0.0,1.0,40.0
14122837,0.0,0.0,1.0,40.0,0.0,0.0,0.0,0.0,0.0,0.0,0.0,0.0,0.0,0.0,1.0,40.0
14254940,0.0,0.0,1.0,40.0,0.0,0.0,0.0,0.0,1.0,40.0,0.0,0.0,1.0,40.0,3.0,120.0
14254949,0.0,0.0,1.0,40.0,0.0,0.0,0.0,0.0,1.0,40.0,0.0,0.0,0.0,0.0,2.0,80.0
14673345,0.0,0.0,1.0,40.0,0.0,0.0,0.0,0.0,0.0,0.0,0.0,0.0,0.0,0.0,1.0,40.0
14673742,0.0,0.0,1.0,40.0,0.0,0.0,0.0,0.0,0.0,0.0,0.0,0.0,0.0,0.0,1.0,40.0
14673767,0.0,0.0,2.0,80.0,0.0,0.0,1.0,40.0,0.0,0.0,0.0,0.0,1.0,40.0,4.0,160.0
14675050,0.0,0.0,1.0,40.0,0.0,0.0,0.0,0.0,0.0,0.0,0.0,0.0,0.0,0.0,1.0,40.0
30017296,0.0,0.0,1.0,40.0,0.0,0.0,1.0,40.0,0.0,0.0,12.0,480.0,0.0,0.0,14.0,560.0
30017428,0.0,0.0,1.0,40.0,0.0,0.0,3.0,120.0,4.0,160.0,59.0,2360.0,35.0,1400.0,102.0,4080.0
30038679,0.0,0.0,1.0,40.0,0.0,0.0,1.0,40.0,1.0,40.0,2.0,80.0,2.0,80.0,7.0,280.0
30057191,0.0,0.0,1.0,40.0,0.0,0.0,0.0,0.0,0.0,0.0,0.0,0.0,0.0,0.0,1.0,40.0
30067158,0.0,0.0,68.0,2720.0,107.0,4280.0,92.0,3680.0,79.0,3160.0,100.0,4000.0,74.0,2960.0,520.0,20800.0
30067159,0.0,0.0,9.0,360.0,11.0,440.0,22.0,880.0,26.0,1040.0,66.0,2640.0,30.0,1200.0,164.0,6560.0
30074241,0.0,0.0,3.0,120.0,0.0,0.0,0.0,0.0,1.0,40.0,1.0,40.0,0.0,0.0,5.0,200.0
106853,0.0,0.0,0.0,0.0,13.0,520.0,21.0,440.0,3.0,0.0,0.0,0.0,2.0,80.0,39.0,1040.0
436819,0.0,0.0,0.0,0.0,1.0,40.0,0.0,0.0,0.0,0.0,0.0,0.0,0.0,0.0,1.0,40.0
438604,0.0,0.0,0.0,0.0,1.0,40.0,0.0,0.0,0.0,0.0,0.0,0.0,0.0,0.0,1.0,40.0
913016,0.0,0.0,0.0,0.0,1.0,40.0,0.0,0.0,0.0,0.0,0.0,0.0,0.0,0.0,1.0,40.0
1139518,0.0,0.0,0.0,0.0,1.0,40.0,0.0,0.0,1.0,40.0,0.0,0.0,0.0,0.0,2.0,80.0
1140638,0.0,0.0,0.0,0.0,1.0,40.0,0.0,0.0,0.0,0.0,0.0,0.0,0.0,0.0,1.0,40.0
1141837,0.0,0.0,0.0,0.0,17.0,680.0,88.0,3520.0,81.0,3240.0,41.0,1640.0,74.0,2960.0,301.0,12040.0
1142434,0.0,0.0,0.0,0.0,1.0,40.0,0.0,0.0,0.0,0.0,0.0,0.0,0.0,0.0,1.0,40.0
1145172,0.0,0.0,0.0,0.0,3.0,120.0,14.0,560.0,30.0,1200.0,24.0,960.0,5.0,200.0,76.0,3040.0
3057642,0.0,0.0,0.0,0.0,2.0,80.0,0.0,0.0,4.0,160.0,1.0,40.0,0.0,0.0,7.0,280.0
3739890,0.0,0.0,0.0,0.0,1.0,40.0,0.0,0.0,0.0,0.0,0.0,0.0,0.0,0.0,1.0,40.0
5866228,0.0,0.0,0.0,0.0,2.0,80.0,1.0,40.0,0.0,0.0,50.0,2000.0,75.0,3000.0,128.0,5120.0
7792040,0.0,0.0,0.0,0.0,1.0,40.0,1.0,40.0,0.0,0.0,0.0,0.0,0.0,0.0,2.0,80.0
7929641,0.0,0.0,0.0,0.0,2.0,80.0,0.0,0.0,0.0,0.0,0.0,0.0,0.0,0.0,2.0,80.0
8393266,0.0,0.0,0.0,0.0,4.0,160.0,0.0,0.0,0.0,0.0,0.0,0.0,0.0,0.0,4.0,160.0
8676863,0.0,0.0,0.0,0.0,1.0,40.0,0.0,0.0,0.0,0.0,0.0,0.0,0.0,0.0,1.0,40.0
8677261,0.0,0.0,0.0,0.0,1.0,40.0,2.0,80.0,0.0,0.0,0.0,0.0,0.0,0.0,3.0,120.0
8680067,0.0,0.0,0.0,0.0,2.0,80.0,0.0,0.0,0.0,0.0,0.0,0.0,0.0,0.0,2.0,80.0
9668534,0.0,0.0,0.0,0.0,14.0,560.0,5.0,0.0,3.0,0.0,0.0,0.0,1.0,40.0,23.0,600.0
10222742,0.0,0.0,0.0,0.0,1.0,40.0,12.0,480.0,0.0,0.0,0.0,0.0,0.0,0.0,13.0,520.0
10458506,0.0,0.0,0.0,0.0,2.0,80.0,13.0,520.0,0.0,0.0,0.0,0.0,0.0,0.0,15.0,600.0
10486881,0.0,0.0,0.0,0.0,1.0,40.0,0.0,0.0,0.0,0.0,1.0,40.0,0.0,0.0,2.0,80.0
10494062,0.0,0.0,0.0,0.0,1.0,40.0,2.0,80.0,2.0,80.0,0.0,0.0,0.0,0.0,5.0,200.0
10495017,0.0,0.0,0.0,0.0,1.0,40.0,3.0,120.0,4.0,160.0,82.0,3280.0,62.0,2480.0,152.0,6080.0
11273041,0.0,0.0,0.0,0.0,1.0,40.0,0.0,0.0,0.0,0.0,0.0,0.0,0.0,0.0,1.0,40.0
11981539,0.0,0.0,0.0,0.0,1.0,40.0,0.0,0.0,0.0,0.0,0.0,0.0,0.0,0.0,1.0,40.0
14014178,0.0,0.0,0.0,0.0,1.0,40.0,0.0,0.0,0.0,0.0,0.0,0.0,0.0,0.0,1.0,40.0
14021222,0.0,0.0,0.0,0.0,1.0,40.0,0.0,0.0,0.0,0.0,0.0,0.0,0.0,0.0,1.0,40.0
14022292,0.0,0.0,0.0,0.0,1.0,40.0,0.0,0.0,0.0,0.0,0.0,0.0,0.0,0.0,1.0,40.0
14023065,0.0,0.0,0.0,0.0,1.0,40.0,0.0,0.0,0.0,0.0,0.0,0.0,0.0,0.0,1.0,40.0
14023359,0.0,0.0,0.0,0.0,4.0,160.0,1.0,40.0,4.0,160.0,1.0,40.0,0.0,0.0,10.0,400.0
14023466,0.0,0.0,0.0,0.0,1.0,40.0,0.0,0.0,0.0,0.0,0.0,0.0,0.0,0.0,1.0,40.0
14025300,0.0,0.0,0.0,0.0,1.0,40.0,1.0,40.0,0.0,0.0,0.0,0.0,1.0,40.0,3.0,120.0
14025385,0.0,0.0,0.0,0.0,1.0,40.0,0.0,0.0,0.0,0.0,0.0,0.0,0.0,0.0,1.0,40.0
14036962,0.0,0.0,0.0,0.0,1.0,40.0,0.0,0.0,3.0,120.0,0.0,0.0,0.0,0.0,4.0,160.0
14673240,0.0,0.0,0.0,0.0,8.0,320.0,7.0,280.0,0.0,0.0,2.0,80.0,2.0,80.0,19.0,760.0
20043003,0.0,0.0,0.0,0.0,1.0,40.0,0.0,0.0,0.0,0.0,0.0,0.0,0.0,0.0,1.0,40.0
20141209,0.0,0.0,0.0,0.0,2.0,80.0,0.0,0.0,1.0,40.0,0.0,0.0,0.0,0.0,3.0,120.0
30012808,0.0,0.0,0.0,0.0,1.0,40.0,0.0,0.0,0.0,0.0,0.0,0.0,0.0,0.0,1.0,40.0
30097844,0.0,0.0,0.0,0.0,1.0,40.0,0.0,0.0,0.0,0.0,0.0,0.0,0.0,0.0,1.0,40.0
30109473,0.0,0.0,0.0,0.0,1.0,40.0,1.0,40.0,0.0,0.0,0.0,0.0,0.0,0.0,2.0,80.0
30113537,0.0,0.0,0.0,0.0,1.0,40.0,0.0,0.0,0.0,0.0,0.0,0.0,0.0,0.0,1.0,40.0
1574,0.0,0.0,0.0,0.0,0.0,0.0,1.0,40.0,0.0,0.0,0.0,0.0,0.0,0.0,1.0,40.0
444865,0.0,0.0,0.0,0.0,0.0,0.0,1.0,40.0,0.0,0.0,0.0,0.0,0.0,0.0,1.0,40.0
908513,0.0,0.0,0.0,0.0,0.0,0.0,1.0,40.0,0.0,0.0,0.0,0.0,0.0,0.0,1.0,40.0
1143002,0.0,0.0,0.0,0.0,0.0,0.0,1.0,40.0,0.0,0.0,0.0,0.0,0.0,0.0,1.0,40.0
1144402,0.0,0.0,0.0,0.0,0.0,0.0,1.0,40.0,0.0,0.0,0.0,0.0,0.0,0.0,1.0,40.0
1144464,0.0,0.0,0.0,0.0,0.0,0.0,1.0,40.0,0.0,0.0,3.0,120.0,0.0,0.0,4.0,160.0
1145080,0.0,0.0,0.0,0.0,0.0,0.0,4.0,160.0,1.0,40.0,0.0,0.0,0.0,0.0,5.0,200.0
1146781,0.0,0.0,0.0,0.0,0.0,0.0,1.0,40.0,0.0,0.0,0.0,0.0,0.0,0.0,1.0,40.0
5458002,0.0,0.0,0.0,0.0,0.0,0.0,1.0,40.0,0.0,0.0,0.0,0.0,0.0,0.0,1.0,40.0
7641763,0.0,0.0,0.0,0.0,0.0,0.0,1.0,40.0,0.0,0.0,0.0,0.0,0.0,0.0,1.0,40.0
7642433,0.0,0.0,0.0,0.0,0.0,0.0,1.0,40.0,0.0,0.0,0.0,0.0,0.0,0.0,1.0,40.0
7730098,0.0,0.0,0.0,0.0,0.0,0.0,1.0,40.0,0.0,0.0,0.0,0.0,0.0,0.0,1.0,40.0
7929250,0.0,0.0,0.0,0.0,0.0,0.0,1.0,40.0,2.0,80.0,4.0,160.0,3.0,120.0,10.0,400.0
7929254,0.0,0.0,0.0,0.0,0.0,0.0,1.0,40.0,0.0,0.0,0.0,0.0,0.0,0.0,1.0,40.0
7929256,0.0,0.0,0.0,0.0,0.0,0.0,1.0,40.0,0.0,0.0,0.0,0.0,0.0,0.0,1.0,40.0
7929510,0.0,0.0,0.0,0.0,0.0,0.0,1.0,40.0,0.0,0.0,0.0,0.0,1.0,40.0,2.0,80.0
7929917,0.0,0.0,0.0,0.0,0.0,0.0,1.0,40.0,0.0,0.0,0.0,0.0,0.0,0.0,1.0,40.0
8015671,0.0,0.0,0.0,0.0,0.0,0.0,1.0,40.0,0.0,0.0,0.0,0.0,1.0,40.0,2.0,80.0
8535198,0.0,0.0,0.0,0.0,0.0,0.0,2.0,80.0,48.0,1920.0,0.0,0.0,0.0,0.0,50.0,2000.0
8676871,0.0,0.0,0.0,0.0,0.0,0.0,1.0,40.0,0.0,0.0,0.0,0.0,0.0,0.0,1.0,40.0
8679966,0.0,0.0,0.0,0.0,0.0,0.0,1.0,40.0,0.0,0.0,0.0,0.0,0.0,0.0,1.0,40.0
8708497,0.0,0.0,0.0,0.0,0.0,0.0,1.0,40.0,0.0,0.0,0.0,0.0,0.0,0.0,1.0,40.0
10222906,0.0,0.0,0.0,0.0,0.0,0.0,1.0,40.0,1.0,40.0,0.0,0.0,0.0,0.0,2.0,80.0
10312971,0.0,0.0,0.0,0.0,0.0,0.0,2.0,80.0,0.0,0.0,0.0,0.0,0.0,0.0,2.0,80.0
10513396,0.0,0.0,0.0,0.0,0.0,0.0,1.0,40.0,1.0,40.0,0.0,0.0,0.0,0.0,2.0,80.0
10864309,0.0,0.0,0.0,0.0,0.0,0.0,1.0,40.0,1.0,40.0,0.0,0.0,2.0,40.0,4.0,120.0
10865147,0.0,0.0,0.0,0.0,0.0,0.0,2.0,80.0,0.0,0.0,0.0,0.0,0.0,0.0,2.0,80.0
11046582,0.0,0.0,0.0,0.0,0.0,0.0,1.0,40.0,1.0,40.0,0.0,0.0,0.0,0.0,2.0,80.0
14018576,0.0,0.0,0.0,0.0,0.0,0.0,1.0,40.0,1.0,40.0,1.0,40.0,3.0,120.0,6.0,240.0
14020513,0.0,0.0,0.0,0.0,0.0,0.0,1.0,40.0,0.0,0.0,1.0,40.0,0.0,0.0,2.0,80.0
14020808,0.0,0.0,0.0,0.0,0.0,0.0,1.0,40.0,0.0,0.0,0.0,0.0,0.0,0.0,1.0,40.0
14022757,0.0,0.0,0.0,0.0,0.0,0.0,1.0,40.0,0.0,0.0,0.0,0.0,0.0,0.0,1.0,40.0
14023521,0.0,0.0,0.0,0.0,0.0,0.0,2.0,80.0,0.0,0.0,0.0,0.0,0.0,0.0,2.0,80.0
14023691,0.0,0.0,0.0,0.0,0.0,0.0,1.0,40.0,0.0,0.0,0.0,0.0,0.0,0.0,1.0,40.0
14036451,0.0,0.0,0.0,0.0,0.0,0.0,1.0,40.0,0.0,0.0,0.0,0.0,0.0,0.0,1.0,40.0
14066640,0.0,0.0,0.0,0.0,0.0,0.0,1.0,40.0,0.0,0.0,0.0,0.0,0.0,0.0,1.0,40.0
14673809,0.0,0.0,0.0,0.0,0.0,0.0,2.0,80.0,0.0,0.0,0.0,0.0,0.0,0.0,2.0,80.0
14674092,0.0,0.0,0.0,0.0,0.0,0.0,2.0,80.0,0.0,0.0,1.0,40.0,0.0,0.0,3.0,120.0
20154118,0.0,0.0,0.0,0.0,0.0,0.0,1.0,40.0,0.0,0.0,0.0,0.0,0.0,0.0,1.0,40.0
20165785,0.0,0.0,0.0,0.0,0.0,0.0,1.0,40.0,0.0,0.0,0.0,0.0,0.0,0.0,1.0,40.0
30017314,0.0,0.0,0.0,0.0,0.0,0.0,3.0,120.0,0.0,0.0,0.0,0.0,0.0,0.0,3.0,120.0
30017315,0.0,0.0,0.0,0.0,0.0,0.0,1.0,40.0,0.0,0.0,0.0,0.0,0.0,0.0,1.0,40.0
30058131,0.0,0.0,0.0,0.0,0.0,0.0,1.0,40.0,0.0,0.0,0.0,0.0,0.0,0.0,1.0,40.0
30076006,0.0,0.0,0.0,0.0,0.0,0.0,1.0,40.0,0.0,0.0,0.0,0.0,0.0,0.0,1.0,40.0
30076863,0.0,0.0,0.0,0.0,0.0,0.0,1.0,40.0,0.0,0.0,0.0,0.0,0.0,0.0,1.0,40.0
30076945,0.0,0.0,0.0,0.0,0.0,0.0,1.0,40.0,0.0,0.0,0.0,0.0,0.0,0.0,1.0,40.0
30077107,0.0,0.0,0.0,0.0,0.0,0.0,7.0,280.0,4.0,160.0,5.0,200.0,8.0,320.0,24.0,960.0
30093088,0.0,0.0,0.0,0.0,0.0,0.0,1.0,40.0,0.0,0.0,0.0,0.0,0.0,0.0,1.0,40.0
109563,0.0,0.0,0.0,0.0,0.0,0.0,0.0,0.0,1.0,40.0,0.0,0.0,0.0,0.0,1.0,40.0
1139472,0.0,0.0,0.0,0.0,0.0,0.0,0.0,0.0,1.0,40.0,4.0,160.0,1.0,40.0,6.0,240.0
1139497,0.0,0.0,0.0,0.0,0.0,0.0,0.0,0.0,5.0,200.0,0.0,0.0,2.0,80.0,7.0,280.0
1140548,0.0,0.0,0.0,0.0,0.0,0.0,0.0,0.0,1.0,40.0,1.0,40.0,0.0,0.0,2.0,80.0
1144100,0.0,0.0,0.0,0.0,0.0,0.0,0.0,0.0,1.0,40.0,1.0,40.0,0.0,0.0,2.0,80.0
1144415,0.0,0.0,0.0,0.0,0.0,0.0,0.0,0.0,1.0,40.0,0.0,0.0,0.0,0.0,1.0,40.0
1144422,0.0,0.0,0.0,0.0,0.0,0.0,0.0,0.0,1.0,40.0,2.0,80.0,0.0,0.0,3.0,120.0
1145067,0.0,0.0,0.0,0.0,0.0,0.0,0.0,0.0,1.0,40.0,0.0,0.0,0.0,0.0,1.0,40.0
1145215,0.0,0.0,0.0,0.0,0.0,0.0,0.0,0.0,9.0,360.0,0.0,0.0,0.0,0.0,9.0,360.0
1146191,0.0,0.0,0.0,0.0,0.0,0.0,0.0,0.0,1.0,40.0,0.0,0.0,0.0,0.0,1.0,40.0
2854201,0.0,0.0,0.0,0.0,0.0,0.0,0.0,0.0,1.0,40.0,0.0,0.0,0.0,0.0,1.0,40.0
2879754,0.0,0.0,0.0,0.0,0.0,0.0,0.0,0.0,1.0,40.0,0.0,0.0,0.0,0.0,1.0,40.0
3951610,0.0,0.0,0.0,0.0,0.0,0.0,0.0,0.0,3.0,120.0,0.0,0.0,0.0,0.0,3.0,120.0
4030703,0.0,0.0,0.0,0.0,0.0,0.0,0.0,0.0,1.0,40.0,0.0,0.0,0.0,0.0,1.0,40.0
4257358,0.0,0.0,0.0,0.0,0.0,0.0,0.0,0.0,1.0,40.0,1.0,40.0,0.0,0.0,2.0,80.0
5336795,0.0,0.0,0.0,0.0,0.0,0.0,0.0,0.0,1.0,40.0,0.0,0.0,0.0,0.0,1.0,40.0
6238151,0.0,0.0,0.0,0.0,0.0,0.0,0.0,0.0,1.0,40.0,4.0,160.0,0.0,0.0,5.0,200.0
6349934,0.0,0.0,0.0,0.0,0.0,0.0,0.0,0.0,1.0,40.0,0.0,0.0,0.0,0.0,1.0,40.0
7020570,0.0,0.0,0.0,0.0,0.0,0.0,0.0,0.0,1.0,40.0,0.0,0.0,0.0,0.0,1.0,40.0
7664579,0.0,0.0,0.0,0.0,0.0,0.0,0.0,0.0,1.0,40.0,0.0,0.0,0.0,0.0,1.0,40.0
7731525,0.0,0.0,0.0,0.0,0.0,0.0,0.0,0.0,1.0,40.0,0.0,0.0,0.0,0.0,1.0,40.0
7979558,0.0,0.0,0.0,0.0,0.0,0.0,0.0,0.0,1.0,40.0,0.0,0.0,0.0,0.0,1.0,40.0
8033769,0.0,0.0,0.0,0.0,0.0,0.0,0.0,0.0,1.0,40.0,0.0,0.0,0.0,0.0,1.0,40.0
8236854,0.0,0.0,0.0,0.0,0.0,0.0,0.0,0.0,1.0,40.0,0.0,0.0,0.0,0.0,1.0,40.0
9909829,0.0,0.0,0.0,0.0,0.0,0.0,0.0,0.0,1.0,40.0,0.0,0.0,0.0,0.0,1.0,40.0
9980027,0.0,0.0,0.0,0.0,0.0,0.0,0.0,0.0,1.0,40.0,0.0,0.0,0.0,0.0,1.0,40.0
10759265,0.0,0.0,0.0,0.0,0.0,0.0,0.0,0.0,1.0,40.0,1.0,40.0,2.0,80.0,4.0,160.0
10948089,0.0,0.0,0.0,0.0,0.0,0.0,0.0,0.0,1.0,40.0,8.0,320.0,11.0,440.0,20.0,800.0
14020386,0.0,0.0,0.0,0.0,0.0,0.0,0.0,0.0,1.0,40.0,0.0,0.0,0.0,0.0,1.0,40.0
14020742,0.0,0.0,0.0,0.0,0.0,0.0,0.0,0.0,1.0,40.0,0.0,0.0,0.0,0.0,1.0,40.0
14025318,0.0,0.0,0.0,0.0,0.0,0.0,0.0,0.0,1.0,40.0,0.0,0.0,0.0,0.0,1.0,40.0
14025458,0.0,0.0,0.0,0.0,0.0,0.0,0.0,0.0,2.0,80.0,0.0,0.0,0.0,0.0,2.0,80.0
14036403,0.0,0.0,0.0,0.0,0.0,0.0,0.0,0.0,1.0,40.0,0.0,0.0,0.0,0.0,1.0,40.0
14036839,0.0,0.0,0.0,0.0,0.0,0.0,0.0,0.0,1.0,40.0,0.0,0.0,0.0,0.0,1.0,40.0
14036840,0.0,0.0,0.0,0.0,0.0,0.0,0.0,0.0,5.0,200.0,0.0,0.0,0.0,0.0,5.0,200.0
14047220,0.0,0.0,0.0,0.0,0.0,0.0,0.0,0.0,1.0,40.0,0.0,0.0,0.0,0.0,1.0,40.0
14134887,0.0,0.0,0.0,0.0,0.0,0.0,0.0,0.0,1.0,40.0,0.0,0.0,0.0,0.0,1.0,40.0
14673758,0.0,0.0,0.0,0.0,0.0,0.0,0.0,0.0,3.0,120.0,0.0,0.0,0.0,0.0,3.0,120.0
14673830,0.0,0.0,0.0,0.0,0.0,0.0,0.0,0.0,2.0,80.0,0.0,0.0,0.0,0.0,2.0,80.0
14674093,0.0,0.0,0.0,0.0,0.0,0.0,0.0,0.0,1.0,40.0,0.0,0.0,0.0,0.0,1.0,40.0
20055966,0.0,0.0,0.0,0.0,0.0,0.0,0.0,0.0,1.0,40.0,0.0,0.0,0.0,0.0,1.0,40.0
20234035,0.0,0.0,0.0,0.0,0.0,0.0,0.0,0.0,1.0,40.0,0.0,0.0,0.0,0.0,1.0,40.0
30009881,0.0,0.0,0.0,0.0,0.0,0.0,0.0,0.0,1.0,40.0,0.0,0.0,0.0,0.0,1.0,40.0
30018013,0.0,0.0,0.0,0.0,0.0,0.0,0.0,0.0,1.0,40.0,1.0,40.0,2.0,80.0,4.0,160.0
30047221,0.0,0.0,0.0,0.0,0.0,0.0,0.0,0.0,60.0,2400.0,268.0,10720.0,327.0,13080.0,655.0,26200.0
30089890,0.0,0.0,0.0,0.0,0.0,0.0,0.0,0.0,1.0,40.0,0.0,0.0,0.0,0.0,1.0,40.0
913546,0.0,0.0,0.0,0.0,0.0,0.0,0.0,0.0,0.0,0.0,1.0,40.0,0.0,0.0,1.0,40.0
1137589,0.0,0.0,0.0,0.0,0.0,0.0,0.0,0.0,0.0,0.0,1.0,40.0,0.0,0.0,1.0,40.0
1140950,0.0,0.0,0.0,0.0,0.0,0.0,0.0,0.0,0.0,0.0,1.0,40.0,0.0,0.0,1.0,40.0
1141180,0.0,0.0,0.0,0.0,0.0,0.0,0.0,0.0,0.0,0.0,2.0,80.0,4.0,160.0,6.0,240.0
1142371,0.0,0.0,0.0,0.0,0.0,0.0,0.0,0.0,0.0,0.0,28.0,1120.0,42.0,1680.0,70.0,2800.0
1142388,0.0,0.0,0.0,0.0,0.0,0.0,0.0,0.0,0.0,0.0,791.0,31640.0,1465.0,58600.0,2256.0,90240.0
1144586,0.0,0.0,0.0,0.0,0.0,0.0,0.0,0.0,0.0,0.0,5.0,200.0,17.0,680.0,22.0,880.0
1144915,0.0,0.0,0.0,0.0,0.0,0.0,0.0,0.0,0.0,0.0,3.0,120.0,1.0,40.0,4.0,160.0
1145056,0.0,0.0,0.0,0.0,0.0,0.0,0.0,0.0,0.0,0.0,1.0,40.0,0.0,0.0,1.0,40.0
1145749,0.0,0.0,0.0,0.0,0.0,0.0,0.0,0.0,0.0,0.0,1.0,40.0,0.0,0.0,1.0,40.0
7553256,0.0,0.0,0.0,0.0,0.0,0.0,0.0,0.0,0.0,0.0,1.0,40.0,0.0,0.0,1.0,40.0
7553396,0.0,0.0,0.0,0.0,0.0,0.0,0.0,0.0,0.0,0.0,1.0,40.0,0.0,0.0,1.0,40.0
7804796,0.0,0.0,0.0,0.0,0.0,0.0,0.0,0.0,0.0,0.0,2.0,80.0,2.0,80.0,4.0,160.0
8140758,0.0,0.0,0.0,0.0,0.0,0.0,0.0,0.0,0.0,0.0,1.0,40.0,0.0,0.0,1.0,40.0
8141005,0.0,0.0,0.0,0.0,0.0,0.0,0.0,0.0,0.0,0.0,3.0,120.0,4.0,160.0,7.0,280.0
8313037,0.0,0.0,0.0,0.0,0.0,0.0,0.0,0.0,0.0,0.0,14.0,560.0,7.0,280.0,21.0,840.0
8313052,0.0,0.0,0.0,0.0,0.0,0.0,0.0,0.0,0.0,0.0,1.0,40.0,0.0,0.0,1.0,40.0
10180374,0.0,0.0,0.0,0.0,0.0,0.0,0.0,0.0,0.0,0.0,1.0,40.0,0.0,0.0,1.0,40.0
10258454,0.0,0.0,0.0,0.0,0.0,0.0,0.0,0.0,0.0,0.0,2.0,80.0,0.0,0.0,2.0,80.0
10494181,0.0,0.0,0.0,0.0,0.0,0.0,0.0,0.0,0.0,0.0,1.0,40.0,0.0,0.0,1.0,40.0
10494936,0.0,0.0,0.0,0.0,0.0,0.0,0.0,0.0,0.0,0.0,1.0,40.0,0.0,0.0,1.0,40.0
10512735,0.0,0.0,0.0,0.0,0.0,0.0,0.0,0.0,0.0,0.0,1.0,40.0,1.0,40.0,2.0,80.0
10924195,0.0,0.0,0.0,0.0,0.0,0.0,0.0,0.0,0.0,0.0,1.0,40.0,0.0,0.0,1.0,40.0
11227023,0.0,0.0,0.0,0.0,0.0,0.0,0.0,0.0,0.0,0.0,1.0,40.0,0.0,0.0,1.0,40.0
12763900,0.0,0.0,0.0,0.0,0.0,0.0,0.0,0.0,0.0,0.0,2.0,80.0,1.0,40.0,3.0,120.0
13323711,0.0,0.0,0.0,0.0,0.0,0.0,0.0,0.0,0.0,0.0,1.0,40.0,0.0,0.0,1.0,40.0
14019148,0.0,0.0,0.0,0.0,0.0,0.0,0.0,0.0,0.0,0.0,1.0,40.0,0.0,0.0,1.0,40.0
14020960,0.0,0.0,0.0,0.0,0.0,0.0,0.0,0.0,0.0,0.0,2.0,80.0,0.0,0.0,2.0,80.0
14021256,0.0,0.0,0.0,0.0,0.0,0.0,0.0,0.0,0.0,0.0,2.0,80.0,0.0,0.0,2.0,80.0
14025646,0.0,0.0,0.0,0.0,0.0,0.0,0.0,0.0,0.0,0.0,16.0,640.0,1.0,40.0,17.0,680.0
14025647,0.0,0.0,0.0,0.0,0.0,0.0,0.0,0.0,0.0,0.0,11.0,440.0,9.0,360.0,20.0,800.0
14036025,0.0,0.0,0.0,0.0,0.0,0.0,0.0,0.0,0.0,0.0,1.0,40.0,0.0,0.0,1.0,40.0
14036691,0.0,0.0,0.0,0.0,0.0,0.0,0.0,0.0,0.0,0.0,1.0,40.0,1.0,40.0,2.0,80.0
14036955,0.0,0.0,0.0,0.0,0.0,0.0,0.0,0.0,0.0,0.0,2.0,80.0,0.0,0.0,2.0,80.0
14037540,0.0,0.0,0.0,0.0,0.0,0.0,0.0,0.0,0.0,0.0,1.0,40.0,0.0,0.0,1.0,40.0
14041258,0.0,0.0,0.0,0.0,0.0,0.0,0.0,0.0,0.0,0.0,16.0,640.0,2.0,80.0,18.0,720.0
14661336,0.0,0.0,0.0,0.0,0.0,0.0,0.0,0.0,0.0,0.0,1.0,40.0,0.0,0.0,1.0,40.0
14673181,0.0,0.0,0.0,0.0,0.0,0.0,0.0,0.0,0.0,0.0,1.0,40.0,0.0,0.0,1.0,40.0
14673491,0.0,0.0,0.0,0.0,0.0,0.0,0.0,0.0,0.0,0.0,3.0,120.0,0.0,0.0,3.0,120.0
20036345,0.0,0.0,0.0,0.0,0.0,0.0,0.0,0.0,0.0,0.0,3.0,120.0,0.0,0.0,3.0,120.0
20054530,0.0,0.0,0.0,0.0,0.0,0.0,0.0,0.0,0.0,0.0,1.0,40.0,0.0,0.0,1.0,40.0
20079096,0.0,0.0,0.0,0.0,0.0,0.0,0.0,0.0,0.0,0.0,1.0,40.0,0.0,0.0,1.0,40.0
30005858,0.0,0.0,0.0,0.0,0.0,0.0,0.0,0.0,0.0,0.0,1.0,40.0,0.0,0.0,1.0,40.0
30005932,0.0,0.0,0.0,0.0,0.0,0.0,0.0,0.0,0.0,0.0,7.0,0.0,3.0,0.0,10.0,0.0
30097820,0.0,0.0,0.0,0.0,0.0,0.0,0.0,0.0,0.0,0.0,1.0,40.0,0.0,0.0,1.0,40.0
30106998,0.0,0.0,0.0,0.0,0.0,0.0,0.0,0.0,0.0,0.0,1.0,40.0,0.0,0.0,1.0,40.0
30126001,0.0,0.0,0.0,0.0,0.0,0.0,0.0,0.0,0.0,0.0,1.0,40.0,0.0,0.0,1.0,40.0
30126003,0.0,0.0,0.0,0.0,0.0,0.0,0.0,0.0,0.0,0.0,1.0,40.0,0.0,0.0,1.0,40.0
30126035,0.0,0.0,0.0,0.0,0.0,0.0,0.0,0.0,0.0,0.0,1.0,40.0,1.0,40.0,2.0,80.0
7251,0.0,0.0,0.0,0.0,0.0,0.0,0.0,0.0,0.0,0.0,0.0,0.0,4.0,160.0,4.0,160.0
1140629,0.0,0.0,0.0,0.0,0.0,0.0,0.0,0.0,0.0,0.0,0.0,0.0,3.0,120.0,3.0,120.0
1140910,0.0,0.0,0.0,0.0,0.0,0.0,0.0,0.0,0.0,0.0,0.0,0.0,2.0,80.0,2.0,80.0
1141946,0.0,0.0,0.0,0.0,0.0,0.0,0.0,0.0,0.0,0.0,0.0,0.0,1.0,40.0,1.0,40.0
1143831,0.0,0.0,0.0,0.0,0.0,0.0,0.0,0.0,0.0,0.0,0.0,0.0,1.0,40.0,1.0,40.0
1145214,0.0,0.0,0.0,0.0,0.0,0.0,0.0,0.0,0.0,0.0,0.0,0.0,1.0,40.0,1.0,40.0
1146180,0.0,0.0,0.0,0.0,0.0,0.0,0.0,0.0,0.0,0.0,0.0,0.0,2.0,80.0,2.0,80.0
2146326,0.0,0.0,0.0,0.0,0.0,0.0,0.0,0.0,0.0,0.0,0.0,0.0,1.0,40.0,1.0,40.0
2598429,0.0,0.0,0.0,0.0,0.0,0.0,0.0,0.0,0.0,0.0,0.0,0.0,1.0,40.0,1.0,40.0
7683454,0.0,0.0,0.0,0.0,0.0,0.0,0.0,0.0,0.0,0.0,0.0,0.0,3.0,120.0,3.0,120.0
7792697,0.0,0.0,0.0,0.0,0.0,0.0,0.0,0.0,0.0,0.0,0.0,0.0,1.0,40.0,1.0,40.0
7793309,0.0,0.0,0.0,0.0,0.0,0.0,0.0,0.0,0.0,0.0,0.0,0.0,1.0,40.0,1.0,40.0
7929656,0.0,0.0,0.0,0.0,0.0,0.0,0.0,0.0,0.0,0.0,0.0,0.0,1.0,40.0,1.0,40.0
8140588,0.0,0.0,0.0,0.0,0.0,0.0,0.0,0.0,0.0,0.0,0.0,0.0,1.0,40.0,1.0,40.0
8408204,0.0,0.0,0.0,0.0,0.0,0.0,0.0,0.0,0.0,0.0,0.0,0.0,1.0,40.0,1.0,40.0
8676855,0.0,0.0,0.0,0.0,0.0,0.0,0.0,0.0,0.0,0.0,0.0,0.0,3.0,120.0,3.0,120.0
8677449,0.0,0.0,0.0,0.0,0.0,0.0,0.0,0.0,0.0,0.0,0.0,0.0,1.0,40.0,1.0,40.0
8771611,0.0,0.0,0.0,0.0,0.0,0.0,0.0,0.0,0.0,0.0,0.0,0.0,2.0,80.0,2.0,80.0
10223667,0.0,0.0,0.0,0.0,0.0,0.0,0.0,0.0,0.0,0.0,0.0,0.0,1.0,40.0,1.0,40.0
10223995,0.0,0.0,0.0,0.0,0.0,0.0,0.0,0.0,0.0,0.0,0.0,0.0,3.0,120.0,3.0,120.0
10513373,0.0,0.0,0.0,0.0,0.0,0.0,0.0,0.0,0.0,0.0,0.0,0.0,1.0,40.0,1.0,40.0
10835317,0.0,0.0,0.0,0.0,0.0,0.0,0.0,0.0,0.0,0.0,0.0,0.0,2.0,80.0,2.0,80.0
10923449,0.0,0.0,0.0,0.0,0.0,0.0,0.0,0.0,0.0,0.0,0.0,0.0,1.0,40.0,1.0,40.0
12763891,0.0,0.0,0.0,0.0,0.0,0.0,0.0,0.0,0.0,0.0,0.0,0.0,1.0,40.0,1.0,40.0
14014456,0.0,0.0,0.0,0.0,0.0,0.0,0.0,0.0,0.0,0.0,0.0,0.0,1.0,40.0,1.0,40.0
14018568,0.0,0.0,0.0,0.0,0.0,0.0,0.0,0.0,0.0,0.0,0.0,0.0,3.0,120.0,3.0,120.0
14022806,0.0,0.0,0.0,0.0,0.0,0.0,0.0,0.0,0.0,0.0,0.0,0.0,1.0,40.0,1.0,40.0
14036079,0.0,0.0,0.0,0.0,0.0,0.0,0.0,0.0,0.0,0.0,0.0,0.0,1.0,40.0,1.0,40.0
14041830,0.0,0.0,0.0,0.0,0.0,0.0,0.0,0.0,0.0,0.0,0.0,0.0,1.0,40.0,1.0,40.0
14045348,0.0,0.0,0.0,0.0,0.0,0.0,0.0,0.0,0.0,0.0,0.0,0.0,1.0,40.0,1.0,40.0
14662429,0.0,0.0,0.0,0.0,0.0,0.0,0.0,0.0,0.0,0.0,0.0,0.0,4.0,160.0,4.0,160.0
14673603,0.0,0.0,0.0,0.0,0.0,0.0,0.0,0.0,0.0,0.0,0.0,0.0,1.0,40.0,1.0,40.0
14673604,0.0,0.0,0.0,0.0,0.0,0.0,0.0,0.0,0.0,0.0,0.0,0.0,1.0,40.0,1.0,40.0
14674278,0.0,0.0,0.0,0.0,0.0,0.0,0.0,0.0,0.0,0.0,0.0,0.0,1.0,40.0,1.0,40.0
20034583,0.0,0.0,0.0,0.0,0.0,0.0,0.0,0.0,0.0,0.0,0.0,0.0,1.0,40.0,1.0,40.0
20042302,0.0,0.0,0.0,0.0,0.0,0.0,0.0,0.0,0.0,0.0,0.0,0.0,1.0,40.0,1.0,40.0
30081011,0.0,0.0,0.0,0.0,0.0,0.0,0.0,0.0,0.0,0.0,0.0,0.0,1.0,40.0,1.0,40.0
30097829,0.0,0.0,0.0,0.0,0.0,0.0,0.0,0.0,0.0,0.0,0.0,0.0,1.0,40.0,1.0,40.0
